Phase , Time (ms)
Phase 3, 286.823
Phase 4, 11411.636999999999
Phase 5, 2190.1449000000002